{"cameraMode":{"drawMode":0,"name":"Shaded","section":"Shading Mode"},"sceneLighting":false,"audioPlay":false,"sceneViewState":{"m_AlwaysRefresh":false,"showFog":true,"showSkybox":true,"showFlares":true,"showImageEffects":true,"showParticleSystems":true,"showVisualEffectGraphs":true,"m_FxEnabled":true},"in2DMode":false,"pivot":{"x":557.1739501953125,"y":197.71902465820313,"z":-1.6071923971176148},"rotation":{"x":0.16772930324077607,"y":0.16622963547706605,"z":-0.028705615550279619,"w":0.9712936282157898},"size":168.9476318359375,"orthographic":false}