{"cameraMode":{"drawMode":0,"name":"Shaded","section":"Shading Mode"},"sceneLighting":true,"audioPlay":false,"sceneViewState":{"m_AlwaysRefresh":false,"showFog":true,"showSkybox":true,"showFlares":true,"showImageEffects":true,"showParticleSystems":true,"showVisualEffectGraphs":true,"m_FxEnabled":true},"in2DMode":false,"pivot":{"x":334.2753601074219,"y":49.18431854248047,"z":-224.6367645263672},"rotation":{"x":-0.04878390207886696,"y":0.016077417880296708,"z":-0.0007869384717196226,"w":-0.9986856579780579},"size":213.0520477294922,"orthographic":false}